,id_punto_vacunacion,codigo_pami,codigo_actual,punto_vacunacion,domicilio,provincia,localidad,cp,cpa,UGL,ugl_nombre,latitud,longitud,neumococo
0,4945,,906050799,AZUL SUC 25,25 DE MAYO 222,CAPITAL FEDERAL,CAPITAL FEDERAL,1002,,,,-58.371037,-34.605074,
1,2410,,906021390,ACASSUSO,ACASSUSO 6382,CAPITAL FEDERAL,CAPITAL FEDERAL,1408,,,,-58.51351320000001,-34.6484467,
2,336,,906208779,BELEN ,ALBERDI 6151,CAPITAL FEDERAL,CAPITAL FEDERAL,1440,,,,-58.504649,-34.65345900000001,
3,2460,,906205411,RAWSON,ALVAREZ THOMAS 302,CAPITAL FEDERAL,CAPITAL FEDERAL,1427,,,,-58.44864,-34.581589,
4,298,,906050680,5100,ANGEL J. CARRANZA 2388,CAPITAL FEDERAL,CAPITAL FEDERAL,1425,,,,-58.4320366,-34.5768872,
5,2421,,906040013,JOCKEY CLUB,ARCE 516,CAPITAL FEDERAL,CAPITAL FEDERAL,1426,,,,-58.4327917,-34.5699397,
6,5616,,906204817,ARENALES,ARENALES 1302,CAPITAL FEDERAL,CAPITAL FEDERAL,1061,,,,-58.3859952,-34.5947107,
7,5038,,906210653,LA NUEVA ARTIGAS,ARTIGAS 1902,CAPITAL FEDERAL,CAPITAL FEDERAL,1416,,,,-58.47568899999999,-34.6096949,
8,5016,,906207847,SOCIAL FENIX III (GRIVEO),ARTIGAS 4901,CAPITAL FEDERAL,CAPITAL FEDERAL,1419,,,,-58.4992329,-34.5816054,
9,2433,,906080684,ASAMBLEA,ASAMBLEA AV. 891,CAPITAL FEDERAL,CAPITAL FEDERAL,1424,,,,-58.4372446,-34.6346647,
10,4949,,906063659,FIRST,AV AVELLANEDA 896,CAPITAL FEDERAL,CAPITAL FEDERAL,1405,,,,-58.4428857,-34.6163709,
11,286,,106000099,OPENFARMA BEIRO,AV BEIRO 5800,CAPITAL FEDERAL,CAPITAL FEDERAL,1419,,,,-58.52990069999999,-34.6178861,
12,327,,906206701,A.B.C. CABILDO,AV CABILDO 2685,CAPITAL FEDERAL,CAPITAL FEDERAL,1428,,,,-58.46118969999999,-34.5568215,
13,4965,,906104089,SEIVARA,AV DE MAYO 1129,CAPITAL FEDERAL,CAPITAL FEDERAL,1085,,,,-58.38257999999999,-34.608955,
14,4972,,906201757,OBRAS,AV DEL LIBERTADOR 7446,CAPITAL FEDERAL,CAPITAL FEDERAL,1429,,,,-58.4595876,-34.5452601,
15,294,,906023180,EMILIO CASTRO,AV EMILIO CASTRO 7649,CAPITAL FEDERAL,CAPITAL FEDERAL,1408,,,,-58.52467499999999,-34.65605,
16,5011,,906207384,NUEVA SOCIAL DEL TRABAJO,AV EVA PERON 4894,CAPITAL FEDERAL,CAPITAL FEDERAL,1407,,,,-58.4784828,-34.6577621,
17,5037,,906210592,FARMACITY SUC 123,AV GAONA 1101,CAPITAL FEDERAL,CAPITAL FEDERAL,1405,,,,-58.44595529999999,-34.6073701,
18,4976,,906202116,FARMAVITAL,AV JUAN B ALBERDI 4899,CAPITAL FEDERAL,CAPITAL FEDERAL,1407,,,,-58.4952707,-34.6447255,
19,5059,,906212904,OGGI,AV JUAN DE GARAY 3101,CAPITAL FEDERAL,CAPITAL FEDERAL,,,,,-58.408547,-34.629449,
20,325,,906206156,A.B.C. JUJUY,AV JUJUY 601,CAPITAL FEDERAL,CAPITAL FEDERAL,1229,,,,-58.4042509,-34.6172016,
21,4980,,906203003,FARMACITY 11 WARNES,AV MONROE 2703,CAPITAL FEDERAL,CAPITAL FEDERAL,1428,,,,-58.4630443,-34.5599097,
22,333,,906208520,A.B.C. MONTES DE OCA,AV MONTES DE OCA 1109,CAPITAL FEDERAL,CAPITAL FEDERAL,1270,,,,-58.3743144,-34.6408826,
23,5015,,906207738,FARMA 10 URQUIZA,AV OLAZABAL 5552,CAPITAL FEDERAL,CAPITAL FEDERAL,1431,,,,-58.4910729,-34.5796408,
24,5012,,906207428,AZUL SUC 7,AV RIVADAVIA 04718,CAPITAL FEDERAL,CAPITAL FEDERAL,1424,,,,-58.4319444,-34.6164685,
25,4948,,906063400,FLORENCIA,AV RIVADAVIA 5892,CAPITAL FEDERAL,CAPITAL FEDERAL,,,,,-58.4482242,-34.6235666,
26,331,,906207741,A.B.C. RIVADAVIA,AV RIVADAVIA 6379,CAPITAL FEDERAL,CAPITAL FEDERAL,1406,,,,-58.456454,-34.6263949,
27,5006,,906206622,SIVORI,AV SAENZ 435,CAPITAL FEDERAL,CAPITAL FEDERAL,1437,,,,-58.4163307,-34.6445788,
28,363,,206000224,FARMABELEN Nº 9,AV SAENZ 928,CAPITAL FEDERAL,CAPITAL FEDERAL,1437,,,,-58.41609700000001,-34.65106,
29,332,,906208486,A.B.C. SAN MARTIN,AV SAN MARTIN 2724,CAPITAL FEDERAL,CAPITAL FEDERAL,1416,,,,-58.46404789999999,-34.6033039,
30,4987,,906204569,SAN NICOLAS,AV SANTA FE1299,CAPITAL FEDERAL,CAPITAL FEDERAL,1059,,,,-58.3855762,-34.5954674,
31,4981,,906203017,ARTESANAL,AV SANTA FE2249,CAPITAL FEDERAL,CAPITAL FEDERAL,1123,,,,-58.3991021,-34.5950685,
32,5620,,906204306,FARMACITY SUC 24,AV SANTA FE2453,CAPITAL FEDERAL,CAPITAL FEDERAL,,,,,-58.4016746,-34.5943576,
33,4932,,906023782,PROFESIONAL JONTE 3721 SRL,AV. ALVAREZ JONTE 3721,CAPITAL FEDERAL,CAPITAL FEDERAL,1407,,,,-58.4940207,-34.6134285,
34,5035,,906210326,NUEVA VICTORIA,AV. ANGEL GALLARDO 964,CAPITAL FEDERAL,CAPITAL FEDERAL,1405,,,,-58.4437077,-34.6069492,
35,315,,906201818,ETNICA,AV. AVELLANEDA 3724,CAPITAL FEDERAL,CAPITAL FEDERAL,1407,,,,-58.481296,-34.629019,
36,5033,,906210139,FARMACITY SUC 106 - BEIRO II,AV. BEIRO 3562/64/66,CAPITAL FEDERAL,CAPITAL FEDERAL,1419,,,,-58.50304970000001,-34.6005917,
37,2478,,906211663,BUENOS AIRES FARMA,AV. BELGRANO 3002,CAPITAL FEDERAL,CAPITAL FEDERAL,1209,,,,-58.408451,-34.6151879,
38,284,,906212131,AUDIFARM SALUD ,AV. BELGRANO 3802/3808,CAPITAL FEDERAL,CAPITAL FEDERAL,1210,,,,-58.4202647,-34.6159591,
39,306,,906083903,NUEVA SOPER,AV. BOEDO 780,CAPITAL FEDERAL,CAPITAL FEDERAL,1218,,,,-58.416167,-34.622011,
40,304,,906080929,SUIZA,AV. BOEDO 937,CAPITAL FEDERAL,CAPITAL FEDERAL,1218,,,,-58.41668929999999,-34.6247095,
41,4940,,906040538,AZUL SUC 5,AV. CABILDO 1566,CAPITAL FEDERAL,CAPITAL FEDERAL,1426,,,,-58.45199479999999,-34.566549,
42,313,,906201311,SUPER NUEVA COLON SRL,AV. CABILDO 2540,CAPITAL FEDERAL,CAPITAL FEDERAL,1428,,,,-58.460325,-34.5580409,
43,316,,906202461,VASSALLO BELGRANO,AV. CABILDO 2779,CAPITAL FEDERAL,CAPITAL FEDERAL,1428,,,,-58.46119329999999,-34.556437,
44,5004,,906206217,AZUL SUC 16,AV. CABILDO 3834,CAPITAL FEDERAL,CAPITAL FEDERAL,1429,,,,-58.4691939,-34.5480277,
45,5020,,906208217,FARMACITY SUC 69 - PAROISSIEN,AV. CABILDO 4001,CAPITAL FEDERAL,CAPITAL FEDERAL,1429,,,,-58.4698241,-34.5464208,
46,5030,,906209233,FARMAR DE FACOR,AV. CALLAO 602,CAPITAL FEDERAL,CAPITAL FEDERAL,1022,,,,-58.3927077,-34.6019859,
47,307,,906090263,GRAN FERRARI,AV. CASEROS 1990,CAPITAL FEDERAL,CAPITAL FEDERAL,1152,,,,-58.39009369999999,-34.6341153,
48,364,,906080251,LUPO,AV. CASEROS 2657,CAPITAL FEDERAL,CAPITAL FEDERAL,1264,,,,-58.39990350000001,-34.6359598,
49,318,,906203668,PATRICIOS S. A.,AV. CASEROS 2980,CAPITAL FEDERAL,CAPITAL FEDERAL,1264,,,,-58.404641,-34.637152,
50,5025,,906208888,NUEVA GENERACION SRL,AV. CASEROS 999,CAPITAL FEDERAL,CAPITAL FEDERAL,1152,,,,-58.37786699999999,-34.6283479,
51,2481,,906212271,EDDA,AV. CASTAÑARES 4650,CAPITAL FEDERAL,CAPITAL FEDERAL,1439,,,,-58.47105070000001,-34.6655474,
52,317,,906202814,NUEVA GENERAL PAZ,AV. CONSTITUYENTES 6117,CAPITAL FEDERAL,CAPITAL FEDERAL,1431,,,,-58.5066752,-34.5712119,
53,4966,,906104122,REX SRL,AV. CORDOBA 2401,CAPITAL FEDERAL,CAPITAL FEDERAL,1120,,,,-58.40123,-34.5992729,
54,5003,,906206203,AZUL SUC 17,AV. CORDOBA 2501,CAPITAL FEDERAL,CAPITAL FEDERAL,1120,,,,-58.402629,-34.598824,
55,314,,906201390,GRAN FARMACIA GALLO,AV. CORDOBA 3199,CAPITAL FEDERAL,CAPITAL FEDERAL,1187,,,,-58.4116959,-34.5977351,
56,4968,,906104541,AZUL SUC 2,AV. CORDOBA 533,CAPITAL FEDERAL,CAPITAL FEDERAL,1054,,,,-58.3746297,-34.5985078,
57,4967,,906104481,NUEVA FARMACIA CORDOBA 876 SRL,AV. CORDOBA 876,CAPITAL FEDERAL,CAPITAL FEDERAL,1054,,,,-58.37942280000001,-34.5991596,
58,4978,,906202379,FARMACITY SUC 5 - CALLAO,AV. CORRIENTES 1820 ,CAPITAL FEDERAL,CAPITAL FEDERAL,1045,,,,-58.39276700000001,-34.6046089,
59,4985,,906204105,FARMACITY SUC 23 - MEDRANO,AV. CORRIENTES 3930,CAPITAL FEDERAL,CAPITAL FEDERAL,1194,,,,-58.41996630000001,-34.6034798,
60,4982,,906203161,FARMACITY SUC 12 - PANAMA,AV. CORRIENTES 4647,CAPITAL FEDERAL,CAPITAL FEDERAL,1195,,,,-58.4310488,-34.6020245,
61,324,,906205861,WENT SA,AV. CORRIENTES 901,CAPITAL FEDERAL,CAPITAL FEDERAL,1043,,,,-58.3796011,-34.6034539,
62,2406,,106000260,MAS FARMACIA,AV. CRISOLOGO LARRALDE 3195,CAPITAL FEDERAL,CAPITAL FEDERAL,1429,,,,-58.4750132,-34.5526218,
63,343,,906211881,ADMIFARM GROUP,AV. DE MAYO 1217,CAPITAL FEDERAL,CAPITAL FEDERAL,1085,,,,-58.383892,-34.60902,
64,5009,,906207088,FARMACITY SUC 52 - AV. DE MAYO,AV. DE MAYO 602 ESQ. PERU,CAPITAL FEDERAL,CAPITAL FEDERAL,1084,,,,-58.3751656,-34.608747,
65,4999,,906205936,AZUL SUC 6,AV. DE MAYO 675,CAPITAL FEDERAL,CAPITAL FEDERAL,1084,,,,-58.3758263,-34.6085668,
66,5051,,906212040,SOY MAGA,AV. DE MAYO 892,CAPITAL FEDERAL,CAPITAL FEDERAL,1084,,,,-58.37901899999999,-34.609031,
67,2405,,106000044,DIAZ VELEZ,AV. DIAZ VELEZ 3897,CAPITAL FEDERAL,CAPITAL FEDERAL,1200,,,,-58.4211863,-34.6083934,
68,285,,906212660,SANTA ISABEL,AV. DIRECTORIO 1902,CAPITAL FEDERAL,CAPITAL FEDERAL,1406,,,,-58.4544836,-34.6317014,
69,341,,906211738,FARMACIA LA SANTE COLEGIALES,AV. ELCANO 3364/98,CAPITAL FEDERAL,CAPITAL FEDERAL,1426,,,,-58.4597162,-34.5752552,
70,310,,906100511,OPEN FARMA SUCURSAL ORIEN,AV. ENTRE RIOS 205,CAPITAL FEDERAL,CAPITAL FEDERAL,1079,,,,-58.3920055,-34.611984,
71,4960,,906100849,AZUL SUC 1,AV. ENTRE RIOS 299,CAPITAL FEDERAL,CAPITAL FEDERAL,1477,,,,-58.39198330000001,-34.6125031,
72,268,,906206312,LIDER ,AV. EVA PERON 3642,CAPITAL FEDERAL,CAPITAL FEDERAL,1407,,,,-58.46647489999999,-34.64574460000001,
73,303,,906073211,SILVY,AV. FCO LACROZE 3938,CAPITAL FEDERAL,CAPITAL FEDERAL,1427,,,,-58.4534597,-34.5846971,
74,5010,,906207367,AZUL SUC 10,AV. FRANCISCO BEIRO 5402,CAPITAL FEDERAL,CAPITAL FEDERAL,1419,,,,-58.526152,-34.615138,
75,4933,,906030081,ZONA VITAL BEIRO DE LA NUEVA COLONIAL S.A.,AV. FRANCISCO BEIRO 5800 (ESQ. GRAL. PAZ),CAPITAL FEDERAL,CAPITAL FEDERAL,1419,,,,-58.52990069999999,-34.6178861,
76,2431,,906070345,NUEVO MILENIO,AV. GAONA 3050,CAPITAL FEDERAL,CAPITAL FEDERAL,1416,,,,-58.4686191,-34.6176843,
77,2417,,906031571,LA ELENA,AV. GRAL MOSCONI 3300,CAPITAL FEDERAL,CAPITAL FEDERAL,1419,,,,-58.507271,-34.5895409,
78,5040,,906210684,FARMAMED,AV. INDEPENDENCIA 3347,CAPITAL FEDERAL,CAPITAL FEDERAL,1225,,,,-58.41318949999999,-34.6202194,
79,320,,906204401,NUEVA CACHEUTA,AV. J B ALBERDI 5889,CAPITAL FEDERAL,CAPITAL FEDERAL,1440,,,,-58.502954,-34.6519543,
80,4984,,906203951,AZUL SUC 19,AV. JOSE M.MORENO 99,CAPITAL FEDERAL,CAPITAL FEDERAL,1424,,,,-58.436018,-34.6193389,
81,4996,,906205704,ALBERDI,AV. JUAN B. ALBERDI 2188,CAPITAL FEDERAL,CAPITAL FEDERAL,1406,,,,-58.458476,-34.630356,
82,326,,906206361,AVRIL,AV. JUAN B. ALBERDI 5281,CAPITAL FEDERAL,CAPITAL FEDERAL,1440,,,,-58.49824030000001,-34.6472827,
83,4957,,906083951,NUEVA ALMAGRO,AV. LA PLATA 1234,CAPITAL FEDERAL,CAPITAL FEDERAL,1250,,,,-58.4259826,-34.629698,
84,5043,,906211261,SOLFARM,AV. LA PLATA 283,CAPITAL FEDERAL,CAPITAL FEDERAL,1184,,,,-58.4287794,-34.6180125,
85,4995,,906205316,OASIS,AV. LIBERTADOR 5990 LOCAL 3,CAPITAL FEDERAL,CAPITAL FEDERAL,1428,,,,-58.4477395,-34.5568806,
86,5041,,906211009,CERCANIAS,AV. LIBERTADOR 8322,CAPITAL FEDERAL,CAPITAL FEDERAL,1429,,,,-58.46513349999999,-34.53899,
87,4937,,906033249,FARMACIA VQ S.C.S.,AV. LOPE DE VEGA 2599,CAPITAL FEDERAL,CAPITAL FEDERAL,1417,,,,-58.52003000000001,-34.617798,
88,296,,906031057,CANTILO,AV. LOPE DE VEGA 3249,CAPITAL FEDERAL,CAPITAL FEDERAL,1419,,,,-58.52584599999999,-34.6132069,
89,4936,,906033143,NUEVA CENTRAL DE DEVOTO,AV. LOPE DE VEGA 3452,CAPITAL FEDERAL,CAPITAL FEDERAL,1419,,,,-58.527797,-34.6120728,
90,309,,906090774,MANCINI,AV. MONTES DE OCA 1229,CAPITAL FEDERAL,CAPITAL FEDERAL,1270,,,,-58.37411909999999,-34.64231,
91,308,,906090369,REP. DE BARRACAS,AV. MONTES DE OCA 1800,CAPITAL FEDERAL,CAPITAL FEDERAL,1270,,,,-58.3726038,-34.6479429,
92,59,,906212595,AMFANOR FARMACIA,AV. MONTES DE OCA 217,CAPITAL FEDERAL,CAPITAL FEDERAL,1270,,,,-58.3768111,-34.63105840000001,
93,2483,,906212547,FARMAVITAL BARRACAS,AV. MONTES DE OCA 839,CAPITAL FEDERAL,CAPITAL FEDERAL,1270,,,,-58.374947,-34.6376392,
94,319,,906203824,COSMOPOLITA,AV. NAZCA 1120,CAPITAL FEDERAL,CAPITAL FEDERAL,1416,,,,-58.474504,-34.6202759,
95,311,,906200066,PORTEÑA PUEYRREDON,AV. PUEYRREDON 1184,CAPITAL FEDERAL,CAPITAL FEDERAL,1425,,,,-58.4035731,-34.596669,
96,5019,,906208098,AZUL SUC 11,AV. PUEYRREDON 1428,CAPITAL FEDERAL,CAPITAL FEDERAL,1439,,,,-58.4022996,-34.59404749999999,
97,345,,906212114,SCIENZA PUEYRREDON,AV. PUEYRREDON 1460,CAPITAL FEDERAL,CAPITAL FEDERAL,1118,,,,-58.4022097,-34.5937558,
98,4970,,906104711,AZUL SUC 3,AV. PUEYRREDON 1673,CAPITAL FEDERAL,CAPITAL FEDERAL,,,,,-58.40106489999999,-34.5919608,
99,4993,,906205150,ANTIGUA FARMACIA PINAL,AV. REGIMIENTO PATRICIOS 935,CAPITAL FEDERAL,CAPITAL FEDERAL,1265,,,,-58.3696837,-34.6384344,
100,4939,,906040450,NUEVA GALVAGNI,AV. RICARDO BALBIN 3936,CAPITAL FEDERAL,CAPITAL FEDERAL,1430,,,,-58.4854163,-34.555049,
101,295,,906023687,PASEO LINIERS,AV. RIVADAVIA 11362,CAPITAL FEDERAL,CAPITAL FEDERAL,1408,,,,-58.524457,-34.63912,
102,293,,906021386,GRAN FARMACIA LINIERS,AV. RIVADAVIA 11552,CAPITAL FEDERAL,CAPITAL FEDERAL,1408,,,,-58.527114,-34.6393984,
103,5001,,906206047,PORTEÃƒâ€˜A CONGRESO,AV. RIVADAVIA 2101,CAPITAL FEDERAL,CAPITAL FEDERAL,1034,,,,-58.3964933,-34.6092791,
104,4943,,906050567,NUEVA GRAN ONCE,AV. RIVADAVIA 2754,CAPITAL FEDERAL,CAPITAL FEDERAL,1034,,,,-58.405375,-34.610163,
105,5021,,906208441,FARMATHENEA,AV. RIVADAVIA 3081,CAPITAL FEDERAL,CAPITAL FEDERAL,1203,,,,-58.410092,-34.610303,
106,2482,,906212472,LAS NIEVES,AV. RIVADAVIA 3695,CAPITAL FEDERAL,CAPITAL FEDERAL,1204,,,,-58.418399,-34.6107949,
107,4986,,906204538,FARMACITY SUC 27 - LA PLATA,AV. RIVADAVIA 4455,CAPITAL FEDERAL,CAPITAL FEDERAL,1405,,,,-58.42850800000001,-34.6146215,
108,4974,,906201944,AZUL SUC 18,AV. RIVADAVIA 5014,CAPITAL FEDERAL,CAPITAL FEDERAL,1424,,,,-58.4368076,-34.6185519,
109,305,,906081306,OPEN FARMA SUCURSAL GRAN CONTE,AV. RIVADAVIA 5444,CAPITAL FEDERAL,CAPITAL FEDERAL,1424,,,,-58.4417774,-34.621071,
110,330,,906207152,FARMACIA SUIZA RIVADAVIA,AV. RIVADAVIA 6064,CAPITAL FEDERAL,CAPITAL FEDERAL,1406,,,,-58.4511382,-34.6246528,
111,5031,,906209264,FARMACITY SUC 84 - LACARRA,AV. RIVADAVIA 8784/88,CAPITAL FEDERAL,CAPITAL FEDERAL,1407,,,,-58.48727599999999,-34.635272,
112,5054,,906212350,EL GAUCHITO,AV. RIVADAVIA 9239,CAPITAL FEDERAL,CAPITAL FEDERAL,1407,,,,-58.4943555,-34.6365718,
113,2475,,906210810,SANTA MARIA,AV. RIVADAVIA 9902,CAPITAL FEDERAL,CAPITAL FEDERAL,1407,,,,-58.5039817,-34.6382235,
114,4441,,306000255,AZUL SUC 9 (nuevo ID),AV. SAENZ 1187,CAPITAL FEDERAL,CAPITAL FEDERAL,1437,,,,-58.4168028,-34.65438890000001,
115,5013,,906207523,AZUL SUC 9,AV. SAENZ 883/7 PB,CAPITAL FEDERAL,CAPITAL FEDERAL,1437,,,,-58.4167273,-34.6504768,
116,5046,,906211476,NUEVA LATINA,AV. SAENZ1028,CAPITAL FEDERAL,CAPITAL FEDERAL,1437,,,,-58.4160576,-34.6525292,
117,5032,,906209959,ANIKA SHOP IV,AV. SAN MARTIN 1673,CAPITAL FEDERAL,CAPITAL FEDERAL,1416,,,,-58.4527697,-34.6057852,
118,2477,,906211585,MODERNA ROFFO,AV. SAN MARTIN 5468,CAPITAL FEDERAL,CAPITAL FEDERAL,1417,,,,-58.49422670000001,-34.5971696,
119,300,,906052217,JARDIN,AV. SANTA FE3350,CAPITAL FEDERAL,CAPITAL FEDERAL,1425,,,,-58.4122796,-34.5877735,
120,5007,,906206759,SANTA FE4024,AV. SANTA FE4024,CAPITAL FEDERAL,CAPITAL FEDERAL,1425,,,,-58.42053139999999,-34.5822083,
121,323,,906205269,OPEN FARMA SUCURSAL GRAN RURAL,AV. SANTA FE4228,CAPITAL FEDERAL,CAPITAL FEDERAL,1425,,,,-58.4221847,-34.5810193,
122,301,,906070018,CA-DE-FA SCS,AV. SCALABRINI ORTIZ 14,CAPITAL FEDERAL,CAPITAL FEDERAL,1414,,,,-58.442277,-34.601827,
123,5018,,906207939,SOCIAL FENIX IV (nuevo 106000257),AV. TRIUNVIRATO 3749,CAPITAL FEDERAL,CAPITAL FEDERAL,1427,,,,-58.473913,-34.581314,
124,4427,,106000258,AZUL 27 PODESTA (Nuevo ID),AV. TRIUNVIRATO 4602,CAPITAL FEDERAL,CAPITAL FEDERAL,1431,,,,-58.4856555,-34.5749617,
125,2456,,906203872,BUTI,AV.CABILDO 2676,CAPITAL FEDERAL,CAPITAL FEDERAL,1428,,,,-58.46132710000001,-34.55725470000001,
126,4983,,906203872,BUTI,AV.CABILDO 2676,CAPITAL FEDERAL,CAPITAL FEDERAL,1428,,,,-58.46132710000001,-34.55725470000001,
127,2437,,906083808,SOCIAL COBO,AV.COBO-ESQ.CENTENERA 1185,CAPITAL FEDERAL,CAPITAL FEDERAL,1424,,,,-58.4323546,-34.6417274,
128,2422,,906040371,MENDOZA 3699,AV.DR.NAON ROMULO S. 2186,CAPITAL FEDERAL,CAPITAL FEDERAL,1430,,,,-58.471061,-34.569383,
129,2407,,906010438,SAN NICOLAS,AV.ESCALADA 2399,CAPITAL FEDERAL,CAPITAL FEDERAL,1439,,,,-58.47604869999999,-34.6601655,
130,2457,,906204136,DEL OESTE,AV.J.B.ALBERDI 6208,CAPITAL FEDERAL,CAPITAL FEDERAL,1440,,,,-58.5058091,-34.6546544,
131,2467,,906207816,DEL PLATA,AV.LA PLATA 567,CAPITAL FEDERAL,CAPITAL FEDERAL,1235,,,,-58.42804,-34.621618,
132,2416,,906031414,LOS ANGELES,AV.LOPE DE VEGA 2284,CAPITAL FEDERAL,CAPITAL FEDERAL,1417,,,,-58.5176497,-34.6198443,
133,2448,,906200948,EL TURIA,AV.NAZCA 3714,CAPITAL FEDERAL,CAPITAL FEDERAL,1419,,,,-58.49607200000001,-34.593236,
134,2414,,906030342,PORTEÑA,AV.OLAZABAL 5297,CAPITAL FEDERAL,CAPITAL FEDERAL,1431,,,,-58.4884504,-34.5777795,
135,2471,,906208970,SAN ANTONIO,AV.RAUL SCALABRINI ORTIZ 1383,CAPITAL FEDERAL,CAPITAL FEDERAL,1414,,,,-58.4269888,-34.5924719,
136,4971,,906200891,HALLEIN,AV.RIVADAVIA 4634,CAPITAL FEDERAL,CAPITAL FEDERAL,1424,,,,-58.43062399999999,-34.615879,
137,4952,,906073892,ANIKA SHOP,AV.SAN MARTIN 2159,CAPITAL FEDERAL,CAPITAL FEDERAL,1416,,,,-58.45766500000001,-34.6044969,
138,4997,,906205735,ANIKA SHOP III,AV.SAN MARTIN 2711,CAPITAL FEDERAL,CAPITAL FEDERAL,1416,,,,-58.463873,-34.6029525,
139,2470,,906208691,LA FE,AV.SAN MARTIN 7277,CAPITAL FEDERAL,CAPITAL FEDERAL,1419,,,,-58.5161596,-34.5899982,
140,2462,,906205752,SAN PEDRITO,AV.SAN PEDRITO 296,CAPITAL FEDERAL,CAPITAL FEDERAL,1406,,,,-58.46784,-34.634228,
141,2423,,906050321,PARK,AV.SANTA FE3557,CAPITAL FEDERAL,CAPITAL FEDERAL,1425,,,,-58.41446719999999,-34.5859639,
142,2427,,906061188,MONTESINI,AV.VARELA 794,CAPITAL FEDERAL,CAPITAL FEDERAL,1406,,,,-58.45976599999999,-34.638587,
143,4964,,906102782,LA RECOVA SCS,AVDA LIBERTADOR 810,CAPITAL FEDERAL,CAPITAL FEDERAL,1001,,,,-58.38418539999999,-34.5878331,
144,5052,,906212067,ALBERDI 3,AVDA. RIVADAVIA 8509,CAPITAL FEDERAL,CAPITAL FEDERAL,1407,,,,-58.4833137,-34.6340363,
145,5039,,906210667,ALBERDI,AVELLANEDA 2600,CAPITAL FEDERAL,CAPITAL FEDERAL,1406,,,,-58.4673485,-34.6252027,
146,4998,,906205905,PorteÃƒÂ±a de Almagro,Av. Corrientes 4025,CAPITAL FEDERAL,CAPITAL FEDERAL,1194,,,,-58.42135799999999,-34.6030051,
147,4963,,906102237,Gran Sur,Av. Entre Rios 1177,CAPITAL FEDERAL,CAPITAL FEDERAL,1080,,,,-58.391617,-34.622476,
148,2468,,906208005,PASEO MITRE,BARTOLOME MITRE 2390,CAPITAL FEDERAL,CAPITAL FEDERAL,1158,,,,-58.400316,-34.6085939,
149,2459,,906204678,URQUIZA,BAUNESS 2600,CAPITAL FEDERAL,CAPITAL FEDERAL,1431,,,,-58.48909519999999,-34.5736878,
150,2420,,906033221,LA GOTA,BEIRO FRANCISCO AV. 4402,CAPITAL FEDERAL,CAPITAL FEDERAL,1419,,,,-58.51274229999999,-34.6067216,
151,2449,,906201141,NUEVA ROJAS,BERMUDEZ 2461,CAPITAL FEDERAL,CAPITAL FEDERAL,1417,,,,-58.5135715,-34.6162672,
152,5008,,906206932,FARMACITY 53 BOEDO,BOEDO 953,CAPITAL FEDERAL,CAPITAL FEDERAL,1218,,,,-58.41643369999999,-34.6248463,
153,5060,,906212921,SOCIAL SAN EMILIO,BOLIVAR 716,CAPITAL FEDERAL,CAPITAL FEDERAL,1066,,,,-58.37304950000001,-34.6161857,
154,2440,,906090123,DEL PUERTO,BRASIL 1201,CAPITAL FEDERAL,CAPITAL FEDERAL,1154,,,,-58.38294329999999,-34.6277786,
155,2441,,906093191,SOLESI,BROWN ALMTE. AV 1222,CAPITAL FEDERAL,CAPITAL FEDERAL,1159,,,,-58.358624,-34.6355149,
156,5005,,906206374,GAMMA,BULNES 1770,CAPITAL FEDERAL,CAPITAL FEDERAL,1425,,,,-58.4148168,-34.5911947,
157,299,,906051084,FARMACIA VARELA,CABELLO 3701,CAPITAL FEDERAL,CAPITAL FEDERAL,1425,,,,-58.4119189,-34.5801981,
158,4989,,906204787,ZEUS,CABILDO 810,CAPITAL FEDERAL,CAPITAL FEDERAL,1426,,,,-58.44509,-34.569915,
159,4991,,906204803,L AIGLON,CALLAO 200,CAPITAL FEDERAL,CAPITAL FEDERAL,1022,,,,-58.39226489999999,-34.6066562,
160,2426,,906060487,BERISSO,CARABOBO AV. 717,CAPITAL FEDERAL,CAPITAL FEDERAL,1406,,,,-58.4529194,-34.6347491,
161,2485,,906212796,EDDA,CARLOS CALVO 3601,CAPITAL FEDERAL,CAPITAL FEDERAL,1230,,,,-58.4162453,-34.6240839,
162,4992,,906205023,FARMAVENT - LA NUEVA EUROPA,CARLOS CALVO 3601,CAPITAL FEDERAL,CAPITAL FEDERAL,1230,,,,-58.4162453,-34.6240839,
163,252,,906054396,ANTIGUA CHARCAS,CHARCAS 4299,CAPITAL FEDERAL,CAPITAL FEDERAL,1425,,,,-58.4230691,-34.5837321,
164,347,,906212490,FARMABELEN 3 ,CHILAVERT 6364,CAPITAL FEDERAL,CAPITAL FEDERAL,1439,,,,-58.47529219999999,-34.6857376,
165,2451,,906202038,NUEVA PAZ,CIUDAD DE LA PAZ 3299,CAPITAL FEDERAL,CAPITAL FEDERAL,1429,,,,-58.4671288,-34.552291,
166,5024,,906208861,CORONEL DIAZ SCS,CNEL DIAZ 2299,CAPITAL FEDERAL,CAPITAL FEDERAL,1429,,,,-58.407483,-34.5858745,
167,2469,,906208502,DEL CARMEN,COMBATIENTES DE MALVINAS 3005,CAPITAL FEDERAL,CAPITAL FEDERAL,1427,,,,-58.4710785,-34.5866774,
168,2464,,906207275,ITALO-ARGENTINA,COMBATIENTES DE MALVINAS 3105,CAPITAL FEDERAL,CAPITAL FEDERAL,1427,,,,-58.472197,-34.584557,
169,2461,,906205579,VIDA,CONSTITUCION 1400,CAPITAL FEDERAL,CAPITAL FEDERAL,1151,,,,-58.38561050000001,-34.6248571,
170,2446,,906101274,DEL CARMEN,CORDOBA AV. 1701,CAPITAL FEDERAL,CAPITAL FEDERAL,1055,,,,-58.3916994,-34.5994357,
171,4944,,906050628,BULNES,CORRIENTES 3687,CAPITAL FEDERAL,CAPITAL FEDERAL,1194,,,,-58.41638039999999,-34.6034882,
172,2424,,906050969,SUPER ALMAGRO,CORRIENTES AV. 4617,CAPITAL FEDERAL,CAPITAL FEDERAL,1195,,,,-58.4304544,-34.6021064,
173,2465,,906207462,COSQUIN,COSQUIN 732,CAPITAL FEDERAL,CAPITAL FEDERAL,1408,,,,-58.52275299999999,-34.6468266,
174,2455,,906202922,NUEVA SANCAFARM,CUZCO 301,CAPITAL FEDERAL,CAPITAL FEDERAL,1408,,,,-58.52793059999999,-34.6361655,
175,2434,,906082151,SANTOJANNI,DE LA TORRE LISANDRO 1079,CAPITAL FEDERAL,CAPITAL FEDERAL,1408,,,,-58.5012169,-34.6619633,
176,2419,,906033174,GRAN FARMACIA CONSTITUYENTE,DE LOS CONSTITUYENTE 6163,CAPITAL FEDERAL,CAPITAL FEDERAL,1431,,,,-58.507074,-34.5709844,
177,4956,,906083236,NUEVA CENTENERA 151 SCS,DEL BARCO CENTENERA 151,CAPITAL FEDERAL,CAPITAL FEDERAL,1424,,,,-58.4410847,-34.6214109,
178,2408,,906013208,TALI,DIRECTORIO AV. 5126,CAPITAL FEDERAL,CAPITAL FEDERAL,1440,,,,-58.4919695,-34.651691,
179,329,,906206776,NAON,DR. ROMULO NAON 2357,CAPITAL FEDERAL,CAPITAL FEDERAL,1430,,,,-58.47238959999999,-34.5676647,
180,2430,,906070083,NUEVA FARMACIA ALVEAR,Dr.Rafael Bielsa 300 (Ex. Morlote) 300,CAPITAL FEDERAL,CAPITAL FEDERAL,1427,,,,-58.46814499999999,-34.594122,
181,5058,,906212874,AZUL 26 ECHEVERRIA,ECHEVERRIA 3187,CAPITAL FEDERAL,CAPITAL FEDERAL,1428,,,,-58.4633213,-34.5672463,
182,4930,,906020807,PARIS SCS,EMILIO CASTRO 6699,CAPITAL FEDERAL,CAPITAL FEDERAL,1408,,,,-58.5143487,-34.6511961,
183,2472,,906209836,MAYOL,EMILIO MITRE 1404,CAPITAL FEDERAL,CAPITAL FEDERAL,1424,,,,-58.4384379,-34.6360967,
184,5023,,906208796,SANTA JULIA,EMILIO MITRE 35,CAPITAL FEDERAL,CAPITAL FEDERAL,1424,,,,-58.4444019,-34.622413,
185,2442,,906093203,SANTA TERESITA,ENTRE RIOS AVDA 2177,CAPITAL FEDERAL,CAPITAL FEDERAL,1134,,,,-58.39058659999999,-34.6336662,
186,4931,,906023734,NUEVA VIEDMA,FCO DE VIEDMA 6901,CAPITAL FEDERAL,CAPITAL FEDERAL,1408,,,,-58.52653890000001,-34.6382897,
187,5022,,906208533,FARMACIA 1810,FEDERICO LACROZE1810,CAPITAL FEDERAL,CAPITAL FEDERAL,1426,,,,-58.4395634,-34.5648048,
188,349,,906212578,FARMACIA DEMARIA,FRAY JUSTO SM DE ORO 2927,CAPITAL FEDERAL,CAPITAL FEDERAL,1425,,,,-58.4203358,-34.5747973,
189,4950,,906070144,LA ASUNCION,GAONA 1915,CAPITAL FEDERAL,CAPITAL FEDERAL,1416,,,,-58.45510239999999,-34.61192279999999,
190,2458,,906204481,FLORES NORTE,GAONA 2778,CAPITAL FEDERAL,CAPITAL FEDERAL,1406,,,,-58.46539660000001,-34.6162545,
191,346,,906212438,SANTA ANA,GARCIA DEL RIO 4097,CAPITAL FEDERAL,CAPITAL FEDERAL,1430,,,,-58.48525599999999,-34.554513,
192,339,,906209980,SCIENZA,GUEMES 3500,CAPITAL FEDERAL,CAPITAL FEDERAL,1425,,,,-58.4127217,-34.589497,
193,2432,,906073085,BRIUT,GURRUCHAGA 684,CAPITAL FEDERAL,CAPITAL FEDERAL,1414,,,,-58.43949149999999,-34.5957851,
194,2413,,906030278,COLL,HABANA 3806,CAPITAL FEDERAL,CAPITAL FEDERAL,1419,,,,-58.5114014,-34.5967365,
195,337,,906209591,A.B.C. HONORIO,HONORIO PUEYRREDÓN 801,CAPITAL FEDERAL,CAPITAL FEDERAL,1405,,,,-58.4428464,-34.6107641,
196,2418,,906031646,ROSMINO,IBERA 5850,CAPITAL FEDERAL,CAPITAL FEDERAL,1431,,,,-58.4994695,-34.571806,
197,5055,,906212441,FARMAMED,INDEPENDENCIA 3347,CAPITAL FEDERAL,CAPITAL FEDERAL,1225,,,,-58.41318949999999,-34.6202194,
198,5057,,906212608,EL CLASICO,J. G. ARTIGAS 1701,CAPITAL FEDERAL,CAPITAL FEDERAL,19999416,,,,-58.3815591,-34.6036844,
199,2450,,906201621,DEL VIEJO PALERMO,J.A.CABRERA 5000,CAPITAL FEDERAL,CAPITAL FEDERAL,1414,,,,-58.43217,-34.590118,
200,5017,,906207851,SOCIAL FENIX I,JOSE GERVASIO ARTIGAS 4702,CAPITAL FEDERAL,CAPITAL FEDERAL,1419,,,,-58.4979511,-34.5833748,
201,5044,,906211292,LAMAITA SUCURSAL BELGRANO,JOSÃƒâ€° HERNANDEZ 2771,CAPITAL FEDERAL,CAPITAL FEDERAL,1426,,,,-58.3815591,-34.6036844,
202,2438,,906083842,S.A.G.,JUAN B. ALBERDI AV. 202,CAPITAL FEDERAL,CAPITAL FEDERAL,1424,,,,-58.4308582,-34.6227122,
203,58,,906211942,FARMANORTE,JUAN B. JUSTO 2787,CAPITAL FEDERAL,CAPITAL FEDERAL,1414,,,,-58.4465008,-34.596122,
204,5042,,906211258,CORBALAN,JUAN BAUTISTA ALBERDI 5302,CAPITAL FEDERAL,CAPITAL FEDERAL,1439,,,,-58.4983005,-34.6479509,
205,4977,,906202351,POLA,JUAN BAUTISTA ALBERDI 5602,CAPITAL FEDERAL,CAPITAL FEDERAL,1440,,,,-58.50053500000001,-34.649965,
206,5049,,906211802,NUEVA RICAMON,JUAN DE GARAY 401,CAPITAL FEDERAL,CAPITAL FEDERAL,1153,,,,-58.37128509999999,-34.6241458,
207,2452,,906202072,JULIAN ALVAREZ,JULIµN ALVAREZ 601,CAPITAL FEDERAL,CAPITAL FEDERAL,1414,,,,-58.4338577,-34.5993597,
208,297,,906040760,SALVATORI SCS,JURAMENTO 2013,CAPITAL FEDERAL,CAPITAL FEDERAL,1428,,,,-58.45321680000001,-34.5598861,
209,328,,906206731,LA DANESA ,JURAMENTO 2484,CAPITAL FEDERAL,CAPITAL FEDERAL,1428,,,,-58.4574322,-34.5625881,
210,4941,,906041801,AZUL SUC 24,JURAMENTO 2741,CAPITAL FEDERAL,CAPITAL FEDERAL,1428,,,,-58.4598887,-34.5637879,
211,365,,906202365,MS SUPERI,LA PAMPA 3400,CAPITAL FEDERAL,CAPITAL FEDERAL,1430,,,,-58.464082,-34.5706289,
212,2439,,906083873,NUEVA COSTA,LA RIOJA 2099,CAPITAL FEDERAL,CAPITAL FEDERAL,1244,,,,-58.40596719999999,-34.6357359,
213,2436,,906083778,CORTI,LAFUENTE AV. 2899,CAPITAL FEDERAL,CAPITAL FEDERAL,1437,,,,-58.4418963,-34.6603728,
214,4,,306000233,ASOC.MUT. CREE-SER,LAMBARE 1076,CAPITAL FEDERAL,CAPITAL FEDERAL,,,,,-58.43010599999999,-34.6014629,
215,2445,,906100338,NUEVA LELOIR,LARREA 1249,CAPITAL FEDERAL,CAPITAL FEDERAL,1117,,,,-58.40027180000001,-34.5930583,
216,344,,906211895,ADMIFARMA LARREA,LARREA 906,CAPITAL FEDERAL,CAPITAL FEDERAL,1030,,,,-58.40219090000001,-34.5976121,
217,4969,,906104708,AZUL SUC 4,LAS HERAS 02273 2273,CAPITAL FEDERAL,CAPITAL FEDERAL,1127,,,,-58.396421,-34.5877629,
218,338,,906209604,A.B.C. LAVALLE,LAVALLE 1702,CAPITAL FEDERAL,CAPITAL FEDERAL,1048,,,,-58.39100699999999,-34.6034216,
219,322,,906205241,RP. LA BOTICA DE MARTIN,LAVALLE 646,CAPITAL FEDERAL,CAPITAL FEDERAL,1047,,,,-58.37590999999999,-34.602256,
220,4962,,906101877,DE CUSATIS S.R.L.,LIBERTAD 1092,CAPITAL FEDERAL,CAPITAL FEDERAL,1012,,,,-58.384334,-34.5956909,
221,2409,,906021294,SANTA RITA DE FLORES,LLAVALLOL 1701,CAPITAL FEDERAL,CAPITAL FEDERAL,1407,,,,-58.4866416,-34.6154111,
222,348,,906212533,FARMACIA BELEN,LOPE DE VEGA 1690,CAPITAL FEDERAL,CAPITAL FEDERAL,1407,,,,-58.5115356,-34.6245271,
223,2454,,906202443,HOLMBERG,MANUELA PEDRAZA 4299,CAPITAL FEDERAL,CAPITAL FEDERAL,1430,,,,-58.483304,-34.560727,
224,5027,,906208921,AZUL SUC 12,MAURE 1732,CAPITAL FEDERAL,CAPITAL FEDERAL,1426,,,,-58.4361599,-34.5670124,
225,2473,,906210108,NUEVA MONTES DE OCA,MONTES DE OCA 954,CAPITAL FEDERAL,CAPITAL FEDERAL,1288,,,,-58.37433799999999,-34.639213,
226,2428,,906063771,MORON,MORON 2902,CAPITAL FEDERAL,CAPITAL FEDERAL,1406,,,,-58.3815591,-34.6036844,
227,2412,,906030220,DUBIN,MOSCONI AV. 3199,CAPITAL FEDERAL,CAPITAL FEDERAL,1419,,,,-58.5062054,-34.5884271,
228,335,,906208751,BELEN ,MURGUIONDO 4064,CAPITAL FEDERAL,CAPITAL FEDERAL,1439,,,,-58.4769358,-34.6758723,
229,5002,,906206064,FARMACIMU,NAZCA 2301,CAPITAL FEDERAL,CAPITAL FEDERAL,1431,,,,-58.4833497,-34.6087211,
230,4934,,906031681,ANDREA,NAZCA 4392,CAPITAL FEDERAL,CAPITAL FEDERAL,,,,,-58.5001103,-34.5887456,
231,4951,,906073491,NUEVA NAZCA,NAZCA AV. 1876,CAPITAL FEDERAL,CAPITAL FEDERAL,1416,,,,-58.4805454,-34.6127321,
232,4958,,906093064,NECOCHEA,NECOCHEA 635,CAPITAL FEDERAL,CAPITAL FEDERAL,1158,,,,-58.362269,-34.629885,
233,4938,,906033951,DROPS,NOGOYA 3141,CAPITAL FEDERAL,CAPITAL FEDERAL,1417,,,,-58.49273119999999,-34.6030743,
234,2443,,906093312,MARTIN RODRIGUEZ,OLAVARRIA 443,CAPITAL FEDERAL,CAPITAL FEDERAL,1161,,,,-58.359086,-34.6363022,
235,2453,,906202090,LERIDA,OLAZABAL 4577,CAPITAL FEDERAL,CAPITAL FEDERAL,1431,,,,-58.4804129,-34.5731893,
236,5036,,906210421,AZUL SUC 8,PACHECO DE MELO 2402,CAPITAL FEDERAL,CAPITAL FEDERAL,1425,,,,-58.3990757,-34.5883669,
237,2466,,906207790,LAS BOTICARIAS,PARAGUAY 2701,CAPITAL FEDERAL,CAPITAL FEDERAL,1425,,,,-58.4066182,-34.5967554,
238,5045,,906211322,CHARITE,PARAGUAY 5002,CAPITAL FEDERAL,CAPITAL FEDERAL,1425,,,,-58.4295527,-34.5809598,
239,2411,,906023299,POPULAR,PAZ GRAL.AV. 10720,CAPITAL FEDERAL,CAPITAL FEDERAL,1408,,,,-58.5283294,-34.6102916,
240,4935,,906033017,ANTIGUA FARMACIA MAURI,PEDRO MORAN 4601,CAPITAL FEDERAL,CAPITAL FEDERAL,1419,,,,-58.51786449999999,-34.605984,
241,4959,,906093279,PIEDRAS 1960,PIEDRAS 1960,CAPITAL FEDERAL,CAPITAL FEDERAL,1140,,,,-58.372119,-34.630412,
242,5048,,906211772,ITALFARMA,PTE PERON 4185,CAPITAL FEDERAL,CAPITAL FEDERAL,1425,,,,-58.425482,-34.605936,
243,321,,906204725,VASSALLO BARRIO NORTE,PTE. JOSÉ URIBURU 1223,CAPITAL FEDERAL,CAPITAL FEDERAL,1114,,,,-58.3977148,-34.5940719,
244,4946,,906053429,GEL,PTE.PERON 3734,CAPITAL FEDERAL,CAPITAL FEDERAL,1198,,,,-58.41907709999999,-34.6065981,
245,5047,,906211769,NUEVA RIO DE JANEIRO,Peron 4500,CAPITAL FEDERAL,CAPITAL FEDERAL,1199,,,,-58.3815591,-34.6036844,
246,2429,,906063972,CENTRAL 24 - PUEBLA,R.S.ORTIZ 2199,CAPITAL FEDERAL,CAPITAL FEDERAL,1406,,,,-58.41945399999999,-34.587506,
247,2484,,906212564,LELISA,RAUL SCALABRINI ORTIZ 1999,CAPITAL FEDERAL,CAPITAL FEDERAL,1425,,,,-58.42145989999999,-34.5888587,
248,2479,,906211724,FARMAQUALITY,RAUL SCALABRINI ORTIZ 2847,CAPITAL FEDERAL,CAPITAL FEDERAL,1425,,,,-58.4125951,-34.5831095,
249,5000,,906206002,AZUL SUC 15,RECONQUISTA 1015,CAPITAL FEDERAL,CAPITAL FEDERAL,1003,,,,-58.3730741,-34.5959514,
250,4988,,906204773,VITAL,RIVADAVIA 6799,CAPITAL FEDERAL,CAPITAL FEDERAL,1406,,,,-58.46114300000001,-34.62823789999999,
251,4975,,906201958,AZUL SUC 20,RIVADAVIA 6854,CAPITAL FEDERAL,CAPITAL FEDERAL,1406,,,,-58.46199619999999,-34.6289244,
252,334,,906208748,BELEN ,RIVADAVIA 9626,CAPITAL FEDERAL,CAPITAL FEDERAL,1407,,,,-58.4999076,-34.6376029,
253,4942,,906050261,LATINA SRL.,RIVADAVIA AV. 3913,CAPITAL FEDERAL,CAPITAL FEDERAL,1204,,,,-58.4213262,-34.6113655,
254,2425,,906054570,RIVADAVIA,RIVADAVIA AV. 4301,CAPITAL FEDERAL,CAPITAL FEDERAL,1205,,,,-58.42636450000001,-34.6135919,
255,5029,,906209046,FARMACITY SUC 78 - LABIELA,ROBERTO M. ORTIZ 1861/ 1863,CAPITAL FEDERAL,CAPITAL FEDERAL,1113,,,,-58.3815591,-34.6036844,
256,4955,,906080963,SUR,SAENZ AV. 1181,CAPITAL FEDERAL,CAPITAL FEDERAL,1437,,,,-58.41680299999999,-34.6543514,
257,4954,,906080531,NUEVA POMPEYA S.R.L.,SAENZ AV. 895,CAPITAL FEDERAL,CAPITAL FEDERAL,1437,,,,-58.41665889999999,-34.6506546,
258,2447,,906200345,NOMESA,SAENZ PEÑA L. 475,CAPITAL FEDERAL,CAPITAL FEDERAL,1110,,,,-58.3815591,-34.6036844,
259,2463,,906206714,RAMOS,SALGUERO 1845,CAPITAL FEDERAL,CAPITAL FEDERAL,1425,,,,-58.4150962,-34.58873579999999,
260,2435,,906083638,SOCIAL PARMA,SAN JUAN AV. 3162,CAPITAL FEDERAL,CAPITAL FEDERAL,1233,,,,-58.4097758,-34.6248549,
261,5028,,906209032,AZUL SUC 13,SAN MARTIN DE TOUR 2976,CAPITAL FEDERAL,CAPITAL FEDERAL,1425,,,,-58.404034,-34.577976,
262,4428,,106000394,AZUL SUC 30,SAN MATIN 590,CAPITAL FEDERAL,CAPITAL FEDERAL,1004,,,,-58.37419,-34.6012459,
263,4979,,906202518,DEVOTO CENTRO,SANABRIA 3333,CAPITAL FEDERAL,CAPITAL FEDERAL,1417,,,,-58.51069880000001,-34.6060226,
264,287,,106000375,CONDOR BUSTAMANTE,SANCHEZ DE BUSTAMANTE 462,CAPITAL FEDERAL,CAPITAL FEDERAL,1173,,,,-58.41471629999999,-34.6043569,
265,4990,,906204791,NUEVA NORTE,SANTA FE2936,CAPITAL FEDERAL,CAPITAL FEDERAL,1425,,,,-58.40763080000001,-34.5913922,
266,4947,,906053678,GADE,SANTA FEAV. 4288,CAPITAL FEDERAL,CAPITAL FEDERAL,1425,,,,-58.4225445,-34.5808523,
267,2480,,906212162,SAN JORGE,SANTANDER 5101,CAPITAL FEDERAL,CAPITAL FEDERAL,1439,,,,-58.3735416,-34.6068559,
268,5053,,906212332,FARMATHENEA II,SARMIENTO 3499,CAPITAL FEDERAL,CAPITAL FEDERAL,1196,,,,-58.41475200000001,-34.6057879,
269,340,,906210731,PHARMASTORE,SCALABRINI ORTIZ 328,CAPITAL FEDERAL,CAPITAL FEDERAL,1414,,,,-58.4384008,-34.5994763,
270,2474,,906210156,FLEMING,SEGUROLA 296,CAPITAL FEDERAL,CAPITAL FEDERAL,1407,,,,-58.4861508,-34.6312766,
271,5034,,906210142,GENERAL SAVIO II,SOLDADO DE LA FRONTERA 5186 EDIF 29,CAPITAL FEDERAL,CAPITAL FEDERAL,1439,,,,-58.4636356,-34.6847675,
272,292,,906010022,INGLESA DE LUGANO,SOMELLERA 5725,CAPITAL FEDERAL,CAPITAL FEDERAL,1439,,,,-58.476689,-34.676294,
273,4994,,906205163,NUEVA FARMACIA ORO,STA MARIA DE ORO 3018,CAPITAL FEDERAL,CAPITAL FEDERAL,1425,,,,-58.41999930000001,-34.5738783,
274,4953,,906074143,CITY,THOMAS ALVAREZ 1475,CAPITAL FEDERAL,CAPITAL FEDERAL,1427,,,,-58.46289059999999,-34.5781666,
275,2415,,906030618,GRAN FARMACIA ROUX,TINOGASTA 3702,CAPITAL FEDERAL,CAPITAL FEDERAL,1417,,,,-58.5012298,-34.6039422,
276,302,,906070532,SAN LUIS,TRELLES 2502,CAPITAL FEDERAL,CAPITAL FEDERAL,1416,,,,-58.4667241,-34.5996702,
277,4426,,106000257,AZUL 29 INCAS (ex 906207939),TRIUNVIRATO 3749,CAPITAL FEDERAL,CAPITAL FEDERAL,1427,,,,-58.473913,-34.581314,
278,5026,,906208918,AZUL SUC 14,URUGUAY 479,CAPITAL FEDERAL,CAPITAL FEDERAL,1015,,,,-58.3863965,-34.6031686,
279,342,,906211741,FARMASERVICIOS DEVOTO,VARELA 4720,CAPITAL FEDERAL,CAPITAL FEDERAL,1417,,,,-58.4299583,-34.6643353,
280,2476,,906210841,NUEVA FARMACIA ITALIANA,VARELA 999,CAPITAL FEDERAL,CAPITAL FEDERAL,1406,,,,-58.457759,-34.6404682,
281,2444,,906100154,IBERIA,VENEZUELA 802,CAPITAL FEDERAL,CAPITAL FEDERAL,1095,,,,-58.3776473,-34.614056,
282,5014,,906207615,VIAFAR,VIAMONTE 2661,CAPITAL FEDERAL,CAPITAL FEDERAL,1056,,,,-58.40415699999999,-34.600829,
283,4961,,906101091,SANOSAN,VICENTE LOPEZ 1701,CAPITAL FEDERAL,CAPITAL FEDERAL,,,,,-58.389928,-34.591694,
284,312,,906200716,DAMELI,VIRREY AVILES 3371,CAPITAL FEDERAL,CAPITAL FEDERAL,1426,,,,-58.4600747,-34.5750807,
285,4973,,906201761,ANIKA SHOP II,cuenca 2762,CAPITAL FEDERAL,CAPITAL FEDERAL,1417,,,,-58.49318290000001,-34.604295,
